﻿<?xml version="1.0" encoding="UTF-8"?>
<document reference="suspicious-document00011.txt">
  <feature name="about" authors="Jókai, Mór" title="Pretty Michal" lang="en" />
  <feature name="md5Hash" value="dd5efe815a1e6efb15c7496f9588d21a" />
  <feature name="plagiarism" type="artificial" obfuscation="low" this_language="en" this_offset="38040" this_length="18546" source_reference="source-document05720.txt" source_language="en" source_offset="144290" source_length="21840" />
  <feature name="plagiarism" type="artificial" obfuscation="low" this_language="en" this_offset="101939" this_length="17023" source_reference="source-document00374.txt" source_language="en" source_offset="86163" source_length="18309" />
  <feature name="plagiarism" type="artificial" obfuscation="low" this_language="en" this_offset="158969" this_length="13398" source_reference="source-document05843.txt" source_language="en" source_offset="6431" source_length="16571" />
  <feature name="plagiarism" type="artificial" obfuscation="low" this_language="en" this_offset="227939" this_length="18685" source_reference="source-document05720.txt" source_language="en" source_offset="97619" source_length="19530" />
  <feature name="plagiarism" type="artificial" obfuscation="low" this_language="en" this_offset="356718" this_length="13964" source_reference="source-document02977.txt" source_language="en" source_offset="253550" source_length="18921" />
  <feature name="plagiarism" type="artificial" obfuscation="low" this_language="en" this_offset="375471" this_length="2028" source_reference="source-document05843.txt" source_language="en" source_offset="739" source_length="1985" />
  <feature name="plagiarism" type="artificial" obfuscation="low" this_language="en" this_offset="426670" this_length="24545" source_reference="source-document00374.txt" source_language="en" source_offset="166102" source_length="24832" />
  <feature name="plagiarism" type="artificial" obfuscation="low" this_language="en" this_offset="485930" this_length="3532" source_reference="source-document00573.txt" source_language="en" source_offset="7399" source_length="3590" />
  <feature name="plagiarism" type="artificial" obfuscation="low" this_language="en" this_offset="494977" this_length="757" source_reference="source-document05843.txt" source_language="en" source_offset="3812" source_length="767" />
  <feature name="plagiarism" type="artificial" obfuscation="low" this_language="en" this_offset="498164" this_length="804" source_reference="source-document02977.txt" source_language="en" source_offset="8863" source_length="802" />
  <feature name="plagiarism" type="artificial" obfuscation="low" this_language="en" this_offset="501737" this_length="1487" source_reference="source-document03177.txt" source_language="en" source_offset="72326" source_length="1483" />
  <feature name="plagiarism" type="artificial" obfuscation="low" this_language="en" this_offset="507294" this_length="488" source_reference="source-document02977.txt" source_language="en" source_offset="348902" source_length="499" />
</document>

